账号,昵称,短剧名,集数,累计观看,单集均观看,主页链接
masturzo.clemen,MD Drama,The Wolfhound's Wall,23,114612,4983,https://www.tiktok.com/@masturzo.clemen
masturzo.clemen,MD Drama,The Secret Chef's Revenge,60,139588,2326,https://www.tiktok.com/@masturzo.clemen
masturzo.clemen,MD Drama,The Chef's Payback,22,368124,16733,https://www.tiktok.com/@masturzo.clemen
aidramalabs_pulse0,Shape of Desire,"Daddy, You Lost Your Little Princess",50,72272717,1445454,https://www.tiktok.com/@aidramalabs_pulse0
aidramalabs_pulse0,Shape of Desire,My Two Demon Suitors Won't Leave Me Alone,36,7719914,214442,https://www.tiktok.com/@aidramalabs_pulse0
aidramalabs_pulse0,Shape of Desire,The Crown Beneath the Maid Uniform,38,1739152,45767,https://www.tiktok.com/@aidramalabs_pulse0
aidramalabs_pulse0,Shape of Desire,Ice Breaker,40,845615,21140,https://www.tiktok.com/@aidramalabs_pulse0
aidramalabs_pulse0,Shape of Desire,He Turns Into A Cat At Midnight,30,812530,27084,https://www.tiktok.com/@aidramalabs_pulse0
aidramalabs_pulse0,Shape of Desire,The Prince Who Bloomed in Winter,30,796124,26537,https://www.tiktok.com/@aidramalabs_pulse0
aidramalabs_pulse0,Shape of Desire,The Billionaire Queen's Return,30,863277,28776,https://www.tiktok.com/@aidramalabs_pulse0
aidramalabs_pulse0,Shape of Desire,"Five Brothers, One Vow",37,777915,21025,https://www.tiktok.com/@aidramalabs_pulse0
aidramalabs_pulse0,Shape of Desire,Love Lands at Dawn,40,343493,8587,https://www.tiktok.com/@aidramalabs_pulse0
aidramalabs_pulse0,Shape of Desire,The Billionaire's Shield,30,789775,26326,https://www.tiktok.com/@aidramalabs_pulse0
aidramalabs_pulse0,Shape of Desire,The King's Regret: Rise of the Thorns,40,770439,19261,https://www.tiktok.com/@aidramalabs_pulse0
aidramalabs_pulse0,Shape of Desire,"Cursed Bond, Royal Omega",35,792157,22633,https://www.tiktok.com/@aidramalabs_pulse0
aidramalabs_pulse0,Shape of Desire,Stitched Back from Ashes,30,10956461,365215,https://www.tiktok.com/@aidramalabs_pulse0
aidramalabs_pulse0,Shape of Desire,My Two Campus Princes Won't Leave Me Alone,32,829560,25924,https://www.tiktok.com/@aidramalabs_pulse0
aidramalabs_pulse0,Shape of Desire,"Two Princes, One Crown, One Cinderella",34,869374,25570,https://www.tiktok.com/@aidramalabs_pulse0
aidramalabs_pulse0,Shape of Desire,Betrayed at My Bedside: Claimed by the Tyrant Alpha,56,9549928,170534,https://www.tiktok.com/@aidramalabs_pulse0
aidramalabs_pulse0,Shape of Desire,The Diva’s Perfect Partner,30,397712,13257,https://www.tiktok.com/@aidramalabs_pulse0
aidramalabs_pulse0,Shape of Desire,The Supreme Commander's Guard,30,330714,11024,https://www.tiktok.com/@aidramalabs_pulse0
aidramalabs_pulse0,Shape of Desire,Serpent King's Secret Heir,58,3539975,61034,https://www.tiktok.com/@aidramalabs_pulse0
aidramalabs_pulse0,Shape of Desire,The Queen Who Bought His Empire,35,883687,25248,https://www.tiktok.com/@aidramalabs_pulse0
aidramalabs_pulse0,Shape of Desire,Bound by Scent: The Don's Fake Bride,40,6227825,155696,https://www.tiktok.com/@aidramalabs_pulse0
aidramalabs_pulse0,Shape of Desire,The Outcast and Her Hound: No Mercy,42,853894,20331,https://www.tiktok.com/@aidramalabs_pulse0
aidramalabs_pulse0,Shape of Desire,He Traded My Love for Her Life,30,399188,13306,https://www.tiktok.com/@aidramalabs_pulse0
aidramalabs_pulse0,Shape of Desire,Mafia Heiress,31,874882,28222,https://www.tiktok.com/@aidramalabs_pulse0
aidramalabs_pulse0,Shape of Desire,She Stole My DNA,35,867889,24797,https://www.tiktok.com/@aidramalabs_pulse0
aidramalabs_pulse0,Shape of Desire,"After Loving Him for Six Years, I Married Someone Else",40,355648,8891,https://www.tiktok.com/@aidramalabs_pulse0
aidramalabs_pulse0,Shape of Desire,The Billionaire's Captive Surgeon,36,810224,22506,https://www.tiktok.com/@aidramalabs_pulse0
aidramalabs_pulse0,Shape of Desire,Bride of the Dead,33,848095,25700,https://www.tiktok.com/@aidramalabs_pulse0
aidramalabs_pulse0,Shape of Desire,Error 404: Love Not Found — Until You,40,506187,12655,https://www.tiktok.com/@aidramalabs_pulse0
aidramalabs_pulse0,Shape of Desire,The Hospital Report That Exposed My Son’s Fiancée,60,4668690,77812,https://www.tiktok.com/@aidramalabs_pulse0
aidramalabs_pulse0,Shape of Desire,"Switched at Birth, Back for Revenge",32,843341,26354,https://www.tiktok.com/@aidramalabs_pulse0
aidramalabs_pulse0,Shape of Desire,No Mercy for My Brother,45,780949,17354,https://www.tiktok.com/@aidramalabs_pulse0
aidramalabs_pulse0,Shape of Desire,THE LIGHT WE KEEP,40,1290742,32269,https://www.tiktok.com/@aidramalabs_pulse0
aidramalabs_pulse0,Shape of Desire,I Ate A Meteorite For Her,25,325124,13005,https://www.tiktok.com/@aidramalabs_pulse0
aidramalabs_pulse0,Shape of Desire,Frost Blooms for Her,28,1309426,46765,https://www.tiktok.com/@aidramalabs_pulse0
aidramalabs_pulse0,Shape of Desire,The Man Who Kept Me,33,1537112,46579,https://www.tiktok.com/@aidramalabs_pulse0
aidramalabs_pulse0,Shape of Desire,The Filler Wife,50,3541592,70832,https://www.tiktok.com/@aidramalabs_pulse0
aidramalabs_pulse0,Shape of Desire,Contract with the Lycan Emperor,30,874018,29134,https://www.tiktok.com/@aidramalabs_pulse0
aidramalabs_pulse0,Shape of Desire,The One I Loved Was Never You,36,1975356,54871,https://www.tiktok.com/@aidramalabs_pulse0
aidramalabs_pulse0,Shape of Desire,The Runaway Oracle,36,768320,21342,https://www.tiktok.com/@aidramalabs_pulse0
aidramalabs_pulse0,Shape of Desire,She Watched Through My Eyes,30,500361,16679,https://www.tiktok.com/@aidramalabs_pulse0
aidramalabs_pulse0,Shape of Desire,"Betrayed by My Fiancé, Claimed by His CEO Uncle",31,20545294,662751,https://www.tiktok.com/@aidramalabs_pulse0
aidramalabs_pulse0,Shape of Desire,The Masked Duke's Pampered Wife,36,468796,13022,https://www.tiktok.com/@aidramalabs_pulse0
aidramalabs_pulse0,Shape of Desire,The Exiled Alpha's Twin Secrets,26,2286450,87940,https://www.tiktok.com/@aidramalabs_pulse0
aidramalabs_pulse0,Shape of Desire,The Moonlit Glasshouse,30,1053513,35117,https://www.tiktok.com/@aidramalabs_pulse0
aidramalabs_pulse0,Shape of Desire,"Mocked by Everyone, I Made the Billionaire Heir Kneel",40,2852789,71320,https://www.tiktok.com/@aidramalabs_pulse0
aidramalabs_pulse0,Shape of Desire,Dad Sold Me to My Mate,38,841763,22152,https://www.tiktok.com/@aidramalabs_pulse0
aidramalabs_pulse0,Shape of Desire,Don't Tell My Brother,36,8028391,223011,https://www.tiktok.com/@aidramalabs_pulse0
aidramalabs_pulse0,Shape of Desire,Broke Peach Barbie,30,902914,30097,https://www.tiktok.com/@aidramalabs_pulse0
aidramalabs_pulse0,Shape of Desire,The Ghost BFF’s Revenge: Outsmarting My Billionaire Ex,40,878441,21961,https://www.tiktok.com/@aidramalabs_pulse0
aidramalabs_pulse0,Shape of Desire,They Said I Flirted With a Superstar,45,532254,11828,https://www.tiktok.com/@aidramalabs_pulse0
aidramalabs_pulse0,Shape of Desire,Sweet Fall for the Alpha Boss,30,6293159,209772,https://www.tiktok.com/@aidramalabs_pulse0
aidramalabs_pulse0,Shape of Desire,"After He Cheated, I Took Everything",45,129421082,2876024,https://www.tiktok.com/@aidramalabs_pulse0
aidramalabs_pulse0,Shape of Desire,Handcuffed Hearts,32,892338,27886,https://www.tiktok.com/@aidramalabs_pulse0
aidramalabs_pulse0,Shape of Desire,Under Her Skin,51,831199,16298,https://www.tiktok.com/@aidramalabs_pulse0
aidramalabs_pulse0,Shape of Desire,My Husband's Mistress's Son is Obsessed with Me,50,2854203,57084,https://www.tiktok.com/@aidramalabs_pulse0
aidramalabs_pulse0,Shape of Desire,Escape the Ex: 72-Hour Love Lockdown,32,3518706,109960,https://www.tiktok.com/@aidramalabs_pulse0
aidramalabs_pulse0,Shape of Desire,Can a mortal win the bone queen,30,3723723,124124,https://www.tiktok.com/@aidramalabs_pulse0
aidramalabs_pulse0,Shape of Desire,The Maid’s Daughter Stole My Mansion,50,166290391,3325808,https://www.tiktok.com/@aidramalabs_pulse0
aidramalabs_pulse0,Shape of Desire,The Tycoon's Captive Angel,37,75385504,2037446,https://www.tiktok.com/@aidramalabs_pulse0
aidramalabs_pulse0,Shape of Desire,Seven Nights In His Villa,30,2895351,96512,https://www.tiktok.com/@aidramalabs_pulse0
aidramalabs_pulse0,Shape of Desire,The Sea Witch Stole My Prince,30,417834,13928,https://www.tiktok.com/@aidramalabs_pulse0
aidramalabs_pulse0,Shape of Desire,Seducing My Ex's Celibate Uncle,50,4984720,99694,https://www.tiktok.com/@aidramalabs_pulse0
aidramalabs_pulse0,Shape of Desire,My Racer Mechanic Boyfriend,70,9412560,134465,https://www.tiktok.com/@aidramalabs_pulse0
aidramalabs_pulse0,Shape of Desire,"He Made Me a Football Widow, I Stole His Idol",34,325966,9587,https://www.tiktok.com/@aidramalabs_pulse0
aidramalabs_pulse0,Shape of Desire,Fatal Stolen Love,30,861284,28709,https://www.tiktok.com/@aidramalabs_pulse0
aidramalabs_pulse0,Shape of Desire,Eles Não Sabiam Que Eu Era Bilionária,59,11621068,196967,https://www.tiktok.com/@aidramalabs_pulse0
aidramalabs_pulse0,Shape of Desire,The Fighter's Private Healer,30,3389017,112967,https://www.tiktok.com/@aidramalabs_pulse0
aidramalabs_pulse0,Shape of Desire,The Midnight Cure,29,30666428,1057463,https://www.tiktok.com/@aidramalabs_pulse0
aidramalabs_pulse0,Shape of Desire,My Ex Returns With His Twin Brother,30,486840,16228,https://www.tiktok.com/@aidramalabs_pulse0
aidramalabs_pulse0,Shape of Desire,Ten Days To Betray Him,30,802176,26739,https://www.tiktok.com/@aidramalabs_pulse0
aidramalabs_pulse0,Shape of Desire,Gacha Queen：My Ex-Husband's Ruin,25,788471,31539,https://www.tiktok.com/@aidramalabs_pulse0
aidramalabs_pulse0,Shape of Desire,My Husband Claimed I Was Barren,30,379389,12646,https://www.tiktok.com/@aidramalabs_pulse0
aidramalabs_pulse0,Shape of Desire,The Billionaire Mother-in-Law,34,34704887,1020732,https://www.tiktok.com/@aidramalabs_pulse0
aidramalabs_pulse0,Shape of Desire,Revenge Of The Mother Of Roots,51,348394,6831,https://www.tiktok.com/@aidramalabs_pulse0
aidramalabs_pulse0,Shape of Desire,Forced to Marry the Mafia King,54,96112133,1779854,https://www.tiktok.com/@aidramalabs_pulse0
aidramalabs_pulse0,Shape of Desire,The Sinner's Secret,30,843200,28107,https://www.tiktok.com/@aidramalabs_pulse0
aidramalabs_pulse0,Shape of Desire,Chained by the Gods：The Pharaoh and the Beast,30,23989405,799647,https://www.tiktok.com/@aidramalabs_pulse0
aidramalabs_pulse0,Shape of Desire,Forbidden Frequency,45,6418080,142624,https://www.tiktok.com/@aidramalabs_pulse0
aidramalabs_pulse0,Shape of Desire,The Roommate Agreement,34,18288665,537902,https://www.tiktok.com/@aidramalabs_pulse0
aidramalabs_pulse0,Shape of Desire,Mom's Furry Fortune,32,9066731,283335,https://www.tiktok.com/@aidramalabs_pulse0
aidramalabs_pulse0,Shape of Desire,The Rogue Alpha's Loyal Dog,30,837884,27929,https://www.tiktok.com/@aidramalabs_pulse0
aidramalabs_pulse0,Shape of Desire,My Husband Lost His Memory and Fell for Me Again,30,863487,28783,https://www.tiktok.com/@aidramalabs_pulse0
aidramalabs_pulse0,Shape of Desire,When Stars Align,31,4990023,160968,https://www.tiktok.com/@aidramalabs_pulse0
aidramalabs_pulse0,Shape of Desire,Married to the Man Who Bought Me,41,27237586,664331,https://www.tiktok.com/@aidramalabs_pulse0
aidramalabs_pulse0,Shape of Desire,Lucky & Unlucky Swap,35,882132,25204,https://www.tiktok.com/@aidramalabs_pulse0
aidramalabs_pulse0,Shape of Desire,The False Luna Bride,50,1333698,26674,https://www.tiktok.com/@aidramalabs_pulse0
aidramalabs_pulse0,Shape of Desire,The Eden Ark: Bow to the Botanist,50,381592,7632,https://www.tiktok.com/@aidramalabs_pulse0
aidramalabs_pulse0,Shape of Desire,Golden Ball for Her,50,773362,15467,https://www.tiktok.com/@aidramalabs_pulse0
aidramalabs_pulse0,Shape of Desire,The Dragon's Forbidden Fox,45,816285,18140,https://www.tiktok.com/@aidramalabs_pulse0
aidramalabs_pulse0,Shape of Desire,The Exiled Prince and the Intruder,60,773886,12898,https://www.tiktok.com/@aidramalabs_pulse0
aidramalabs_pulse0,Shape of Desire,My Husband's Mistress's Son is Obsessed with Me,50,783561,15671,https://www.tiktok.com/@aidramalabs_pulse0
aidramalabs_pulse0,Shape of Desire,Seducing My Ex's Celibate Uncle,50,18931679,378634,https://www.tiktok.com/@aidramalabs_pulse0
aidramalabs_pulse0,Shape of Desire,My Roommate Is A Male Model,29,45098651,1555126,https://www.tiktok.com/@aidramalabs_pulse0
aidramalabs_pulse0,Shape of Desire,The Goddess Who Fell For A Mortal,29,3711764,127992,https://www.tiktok.com/@aidramalabs_pulse0
aidramalabs_pulse0,Shape of Desire,A Golden Cage,30,12995297,433177,https://www.tiktok.com/@aidramalabs_pulse0
aidramalabs_pulse0,Shape of Desire,The Wall Street Hostage,30,349519,11651,https://www.tiktok.com/@aidramalabs_pulse0
aidramalabs_pulse0,Shape of Desire,The Freeloading Human Exhibit,60,765431,12757,https://www.tiktok.com/@aidramalabs_pulse0
aidramalabs_pulse0,Shape of Desire,Pregnant By Brother-in-law,30,34698516,1156617,https://www.tiktok.com/@aidramalabs_pulse0
aidramalabs_pulse0,Shape of Desire,Dead by Morning: My Husband's 7-Day Kill List,20,812310,40616,https://www.tiktok.com/@aidramalabs_pulse0
aidramalabs_pulse0,Shape of Desire,The Gilded Scar： Silent Judgment,60,422832,7047,https://www.tiktok.com/@aidramalabs_pulse0
aidramalabs_pulse0,Shape of Desire,Deep Sea Drown: Bone Scales,35,12226595,349331,https://www.tiktok.com/@aidramalabs_pulse0
aidramalabs_pulse0,Shape of Desire,Hollywood Blacklisted Me So I Burned It Down,27,5143860,190513,https://www.tiktok.com/@aidramalabs_pulse0
aidramalabs_pulse0,Shape of Desire,Wall Street Kiss: The Tycoon's Contract Bride,30,21881039,729368,https://www.tiktok.com/@aidramalabs_pulse0
aidramalabs_pulse0,Shape of Desire,Contract with the Nemesis CEO,33,890773,26993,https://www.tiktok.com/@aidramalabs_pulse0
aidramalabs_pulse0,Shape of Desire,The Scullery Queen：Secrets of the Hidden Fashion Mogul,28,365684,13060,https://www.tiktok.com/@aidramalabs_pulse0
aidramalabs_pulse0,Shape of Desire,The Bride He Hated to Love,20,3333150,166658,https://www.tiktok.com/@aidramalabs_pulse0
aidramalabs_pulse0,Shape of Desire,The Other Sister,29,380697,13127,https://www.tiktok.com/@aidramalabs_pulse0
aidramalabs_pulse0,Shape of Desire,A Child Among Demons,31,27965804,902123,https://www.tiktok.com/@aidramalabs_pulse0
aidramalabs_pulse0,Shape of Desire,The Thief and the Kingpin,31,359929,11611,https://www.tiktok.com/@aidramalabs_pulse0
aidramalabs_pulse0,Shape of Desire,How to Own a Demon,31,2515779,81154,https://www.tiktok.com/@aidramalabs_pulse0
aidramalabs_pulse0,Shape of Desire,Together Until the Last Bullet,45,12201204,271138,https://www.tiktok.com/@aidramalabs_pulse0
aidramalabs_pulse0,Shape of Desire,His Forbidden Rider,50,449463,8989,https://www.tiktok.com/@aidramalabs_pulse0
aidramalabs_pulse0,Shape of Desire,The Scholarship Girl Owns the Ivy League,30,3801177,126706,https://www.tiktok.com/@aidramalabs_pulse0
aidramalabs_pulse0,Shape of Desire,She Called Me a Homewrecker,32,4595818,143619,https://www.tiktok.com/@aidramalabs_pulse0
aidramalabs_pulse0,Shape of Desire,The Valet Billionaire Trap,30,807825,26928,https://www.tiktok.com/@aidramalabs_pulse0
aidramalabs_pulse0,Shape of Desire,Checked In to Love: The Hotel Heir's Front Desk Bride,33,4609079,139669,https://www.tiktok.com/@aidramalabs_pulse0
aidramalabs_pulse0,Shape of Desire,Carrying His Baby While He Calls Me Trash,20,39697587,1984879,https://www.tiktok.com/@aidramalabs_pulse0
aidramalabs_pulse0,Shape of Desire,His Ex Came Back Hotter And Deadlier,20,883376,44169,https://www.tiktok.com/@aidramalabs_pulse0
aidramalabs_pulse0,Shape of Desire,The Little Merman,30,2991495,99716,https://www.tiktok.com/@aidramalabs_pulse0
aidramalabs_pulse0,Shape of Desire,My Bully Is My Mate,45,12407928,275732,https://www.tiktok.com/@aidramalabs_pulse0
aidramalabs_pulse0,Shape of Desire,Oops! I Tipped The Underworld Boss,40,70846669,1771167,https://www.tiktok.com/@aidramalabs_pulse0
aidramalabs_pulse0,Shape of Desire,The Seventh Husband,28,393252,14045,https://www.tiktok.com/@aidramalabs_pulse0
aidramalabs_pulse0,Shape of Desire,MOM'S REVENGE KITCHEN,50,1554162,31083,https://www.tiktok.com/@aidramalabs_pulse0
aidramalabs_pulse0,Shape of Desire,Pregnant and Powerful,30,123072620,4102421,https://www.tiktok.com/@aidramalabs_pulse0
aidramalabs_pulse0,Shape of Desire,The Beast King Wants Me As His Bride,19,923941,48628,https://www.tiktok.com/@aidramalabs_pulse0
aidramalabs_pulse0,Shape of Desire,The House Hungers,22,559455,25430,https://www.tiktok.com/@aidramalabs_pulse0
aidramalabs_pulse0,Shape of Desire,Racing Sweetheart: The Racer's Contract Mechanic,32,8800615,275019,https://www.tiktok.com/@aidramalabs_pulse0
aidramalabs_pulse0,Shape of Desire,Rose Beneath the Butcher's Blade,50,8520470,170409,https://www.tiktok.com/@aidramalabs_pulse0
aidramalabs_pulse0,Shape of Desire,The Human Pet Shop,21,19039082,906623,https://www.tiktok.com/@aidramalabs_pulse0
aidramalabs_pulse0,Shape of Desire,The Cinder Prince,34,359962,10587,https://www.tiktok.com/@aidramalabs_pulse0
aidramalabs_pulse0,Shape of Desire,Shadow of the Serpent：Hearts United with Mirrorlight,29,829294,28596,https://www.tiktok.com/@aidramalabs_pulse0
aidramalabs_pulse0,Shape of Desire,The Senator's Pawn,50,17649924,352998,https://www.tiktok.com/@aidramalabs_pulse0
aidramalabs_pulse0,Shape of Desire,Mistaken for My Sister on His Ice,36,10421156,289477,https://www.tiktok.com/@aidramalabs_pulse0
aidramalabs_pulse0,Shape of Desire,Lethal Wellness,30,565724,18857,https://www.tiktok.com/@aidramalabs_pulse0
aidramalabs_pulse0,Shape of Desire,30 Days to Say Goodbye,20,1999285,99964,https://www.tiktok.com/@aidramalabs_pulse0
aidramalabs_pulse0,Shape of Desire,Teach me,53,878286,16571,https://www.tiktok.com/@aidramalabs_pulse0
aidramalabs_pulse0,Shape of Desire,Only Kids Can See What Kills You,20,580614,29031,https://www.tiktok.com/@aidramalabs_pulse0
aidramalabs_pulse0,Shape of Desire,"His Ring, Her Ruin",20,4802057,240103,https://www.tiktok.com/@aidramalabs_pulse0
aidramalabs_pulse0,Shape of Desire,Wildfire,30,2468874,82296,https://www.tiktok.com/@aidramalabs_pulse0
aidramalabs_pulse0,Shape of Desire,My Lies Become Reality,31,404916,13062,https://www.tiktok.com/@aidramalabs_pulse0
aidramalabs_pulse0,Shape of Desire,Lethal Heartbeats,41,776758,18945,https://www.tiktok.com/@aidramalabs_pulse0
aidramalabs_pulse0,Shape of Desire,The Real Crown,30,491829,16394,https://www.tiktok.com/@aidramalabs_pulse0
aidramalabs_pulse0,Shape of Desire,Reborn to Rule,30,509596,16987,https://www.tiktok.com/@aidramalabs_pulse0
aidramalabs_pulse0,Shape of Desire,Spilled Love,31,9494736,306282,https://www.tiktok.com/@aidramalabs_pulse0
aidramalabs_pulse0,Shape of Desire,My Caveman Husband Is a Secret Chief,33,831454,25196,https://www.tiktok.com/@aidramalabs_pulse0
aidramalabs_pulse0,Shape of Desire,Bleeding Vows,33,11165902,338361,https://www.tiktok.com/@aidramalabs_pulse0
aidramalabs_pulse0,Shape of Desire,Twenty Inches Apart,40,40828214,1020705,https://www.tiktok.com/@aidramalabs_pulse0
aidramalabs_pulse0,Shape of Desire,Granny Got Drip,30,347417,11581,https://www.tiktok.com/@aidramalabs_pulse0
aidramalabs_pulse0,Shape of Desire,The Beast Queen's Canvas,36,150518300,4181064,https://www.tiktok.com/@aidramalabs_pulse0
aidramalabs_pulse0,Shape of Desire,The Sea God Fell In Love With A Mortal Girl,19,33942909,1786469,https://www.tiktok.com/@aidramalabs_pulse0
aidramalabs_pulse0,Shape of Desire,The Queen’s Revenge,30,5266460,175549,https://www.tiktok.com/@aidramalabs_pulse0
aidramalabs_pulse0,Shape of Desire,Fated to My Mafia Priest,10,10847673,1084767,https://www.tiktok.com/@aidramalabs_pulse0
aidramalabs_pulse0,Shape of Desire,"My CEO, My Property",5,1579242,315848,https://www.tiktok.com/@aidramalabs_pulse0
aidramalabs_pulse0,Shape of Desire,My Mafia Devil Husband: King’s Forced Bride,55,128726375,2340480,https://www.tiktok.com/@aidramalabs_pulse0
aidramalabs_pulse0,Shape of Desire,Married to the Wall Street Devil,30,3740174,124672,https://www.tiktok.com/@aidramalabs_pulse0
aidramalabs_pulse0,Shape of Desire,The Nerd's Forbidden Romance,1,641456,641456,https://www.tiktok.com/@aidramalabs_pulse0
aidramalabs_pulse0,Shape of Desire,Fell for my mafia professor,10,68079189,6807919,https://www.tiktok.com/@aidramalabs_pulse0
aidramalabs_pulse0,Shape of Desire,My Professor's Obsession,30,5085740,169525,https://www.tiktok.com/@aidramalabs_pulse0
aidramalabs_pulse0,Shape of Desire,Collateral love,5,7765666,1553133,https://www.tiktok.com/@aidramalabs_pulse0
aidramalabs_pulse0,Shape of Desire,Billionaire's Substitute Lover,5,13311776,2662355,https://www.tiktok.com/@aidramalabs_pulse0
aidramalabs_pulse0,Shape of Desire,Second Chance with My Billionaire Husband,7,20576293,2939470,https://www.tiktok.com/@aidramalabs_pulse0
aidramalabs_pulse0,Shape of Desire,"The Hater, The Lover",10,11899026,1189903,https://www.tiktok.com/@aidramalabs_pulse0
aidramalabs_pulse0,Shape of Desire,Doctors-love,38,4398247,115743,https://www.tiktok.com/@aidramalabs_pulse0
aidramalabs_pulse0,Shape of Desire,Fired Waitress Got the Power of Night,20,368985,18449,https://www.tiktok.com/@aidramalabs_pulse0
aidramalabs_pulse0,Shape of Desire,Agreement boyfriend 72hours,5,819866,163973,https://www.tiktok.com/@aidramalabs_pulse0
aidramalabs_pulse0,Shape of Desire,Housewife's Boob Job,6,2781471,463578,https://www.tiktok.com/@aidramalabs_pulse0
aidramalabs_pulse0,Shape of Desire,The Fallen lady Returns,5,851329,170266,https://www.tiktok.com/@aidramalabs_pulse0
aidramalabs_pulse0,Shape of Desire,The Show,5,15828164,3165633,https://www.tiktok.com/@aidramalabs_pulse0
aidramalabs_pulse0,Shape of Desire,The Queen's Revenge Game,5,46249725,9249945,https://www.tiktok.com/@aidramalabs_pulse0
aidramalabs_pulse0,Shape of Desire,Billionaire Waitress,5,23481517,4696303,https://www.tiktok.com/@aidramalabs_pulse0
aidramalabs_pulse0,Shape of Desire,My blind wife,1,839473,839473,https://www.tiktok.com/@aidramalabs_pulse0
aidramalabs_pulse0,Shape of Desire,My Racer Mechanic Boyfriend,31,26297350,848302,https://www.tiktok.com/@aidramalabs_pulse0
aidramalabs_pulse0,Shape of Desire,The Trillionaire Janitor: Trash to Tycoon,8,18131718,2266465,https://www.tiktok.com/@aidramalabs_pulse0
aidramalabs_pulse0,Shape of Desire,CHIMERA,5,5460780,1092156,https://www.tiktok.com/@aidramalabs_pulse0
aidramalabs_pulse0,Shape of Desire,Forbidden Lovers,29,66046985,2277482,https://www.tiktok.com/@aidramalabs_pulse0
aidramalabs_pulse0,Shape of Desire,Hexing My Ex's Wedding,29,866184,29868,https://www.tiktok.com/@aidramalabs_pulse0
aidramalabs_pulse0,Shape of Desire,Viper's Vengeful Heart,30,1803782,60126,https://www.tiktok.com/@aidramalabs_pulse0
aidramalabs_pulse0,Shape of Desire,"Farewell, My Swan",30,923444,30781,https://www.tiktok.com/@aidramalabs_pulse0
aidramalabs_pulse0,Shape of Desire,Love Under the Barrel,45,1457669,32393,https://www.tiktok.com/@aidramalabs_pulse0
aidramalabs_pulse0,Shape of Desire,The Billionaire Intern's Fury,5,1181429,236286,https://www.tiktok.com/@aidramalabs_pulse0
aidramalabs_pulse0,Shape of Desire,Offside Desire,26,3090705,118873,https://www.tiktok.com/@aidramalabs_pulse0
aidramalabs_pulse0,Shape of Desire,The Housekeeper Was the CEO’s Missing Wife,29,1567097,54038,https://www.tiktok.com/@aidramalabs_pulse0
aidramalabs_pulse0,Shape of Desire,Queen of Time's Revenge,4,46050133,11512533,https://www.tiktok.com/@aidramalabs_pulse0
aidramalabs_pulse0,Shape of Desire,Pregnant and Banished: The Tycoon's Return,10,56993654,5699365,https://www.tiktok.com/@aidramalabs_pulse0
aidramalabs_pulse0,Shape of Desire,The Broke Mom's Billion-Dollar Secret,21,26614490,1267357,https://www.tiktok.com/@aidramalabs_pulse0
aidramalabs_pulse0,Shape of Desire,Pregnant Predator's Trap,29,23913806,824614,https://www.tiktok.com/@aidramalabs_pulse0
aidramalabs_pulse0,Shape of Desire,I Married A Fake Beggar,30,14177171,472572,https://www.tiktok.com/@aidramalabs_pulse0
aidramalabs_pulse0,Shape of Desire,Credits to Love,20,7504370,375218,https://www.tiktok.com/@aidramalabs_pulse0
aidramalabs_pulse0,Shape of Desire,Ballerina Fear,30,9750889,325030,https://www.tiktok.com/@aidramalabs_pulse0
aidramalabs_pulse0,Shape of Desire,The Ex-Con Queen's Revenge,10,836989,83699,https://www.tiktok.com/@aidramalabs_pulse0
aidramalabs_pulse0,Shape of Desire,Bound to the Billionaire,5,62913158,12582632,https://www.tiktok.com/@aidramalabs_pulse0
aidramalabs_pulse0,Shape of Desire,Defective Heart,1,7878862,7878862,https://www.tiktok.com/@aidramalabs_pulse0
aidramalabs_pulse0,Shape of Desire,My Dangerous Mind Reader,5,50667961,10133592,https://www.tiktok.com/@aidramalabs_pulse0
aidramalabs_pulse0,Shape of Desire,Fairytale Villains Are My Employees Now,20,775484,38774,https://www.tiktok.com/@aidramalabs_pulse0
aidramalabs_pulse0,Shape of Desire,The CEO's Secret Wife,35,79692068,2276916,https://www.tiktok.com/@aidramalabs_pulse0
aidramalabs_pulse0,Shape of Desire,"I Forgot He Cheated, But He Didn't",81,122670227,1514447,https://www.tiktok.com/@aidramalabs_pulse0
shortdramatime,ShortDramaTime,Miss Sophia's Radiant Life After Divorce,74,330204,4462,https://www.tiktok.com/@shortdramatime
shortdramatime,ShortDramaTime,My King Boss is a Hidden Legend,72,546675,7593,https://www.tiktok.com/@shortdramatime
shortdramatime,ShortDramaTime,"Mr. Julian, That Drunken Rioter Is Your Wife",64,1096608,17134,https://www.tiktok.com/@shortdramatime
shortdramatime,ShortDramaTime,The Billionaire CEO Dotes on His Stand-In Wife,101,865528,8570,https://www.tiktok.com/@shortdramatime
shortdramatime,ShortDramaTime,The Playboy's Daily Confession,76,350564,4613,https://www.tiktok.com/@shortdramatime
shortdramatime,ShortDramaTime,He Shines Like The Galaxy,61,771410,12646,https://www.tiktok.com/@shortdramatime
shortdramatime,ShortDramaTime,"My Husband, theAmnesiac Wolf",69,15087233,218656,https://www.tiktok.com/@shortdramatime
shortdramatime,ShortDramaTime,Three Years After the Breakup,43,381524,8873,https://www.tiktok.com/@shortdramatime
shortdramatime,ShortDramaTime,Moonfall into the River,72,344678,4787,https://www.tiktok.com/@shortdramatime
shortdramatime,ShortDramaTime,Frozen Vows,70,325254,4646,https://www.tiktok.com/@shortdramatime
shortdramatime,ShortDramaTime,Sweet Wife Steals My Heart,81,780680,9638,https://www.tiktok.com/@shortdramatime
shortdramatime,ShortDramaTime,A Requiem for My Remaining Days,60,416128,6935,https://www.tiktok.com/@shortdramatime
shortdramatime,ShortDramaTime,So You Love Me,87,383720,4411,https://www.tiktok.com/@shortdramatime
shortdramatime,ShortDramaTime,The CEO's Contract Wife,60,486062,8101,https://www.tiktok.com/@shortdramatime
shortdramatime,ShortDramaTime,The Young Lady Stops Pretending,83,402896,4854,https://www.tiktok.com/@shortdramatime
shortdramatime,ShortDramaTime,The Fire Between Us,66,3150263,47731,https://www.tiktok.com/@shortdramatime
shortdramatime,ShortDramaTime,Don't Exit the Car Without Opening Window,59,410104,6951,https://www.tiktok.com/@shortdramatime
shortdramatime,ShortDramaTime,The Inner Voice of the Cannon Fodder,87,325994,3747,https://www.tiktok.com/@shortdramatime
shortdramatime,ShortDramaTime,The Caged Bird Strikes,42,894153,21289,https://www.tiktok.com/@shortdramatime
shortdramatime,ShortDramaTime,Killed by My Son s New Wife Now I m Back,80,800870,10011,https://www.tiktok.com/@shortdramatime
shortdramatime,ShortDramaTime,Don't Cheat in My Luxury Car,52,374758,7207,https://www.tiktok.com/@shortdramatime
shortdramatime,ShortDramaTime,MY CROWN I WEAR MYSELF,70,474964,6785,https://www.tiktok.com/@shortdramatime
shortdramatime,ShortDramaTime,The Incredible Ms. Serena,98,332556,3393,https://www.tiktok.com/@shortdramatime
shortdramatime,ShortDramaTime,Doting Boss and His Sweet Bride,58,1422671,24529,https://www.tiktok.com/@shortdramatime
shortdramatime,ShortDramaTime,Falling for the Tutor,100,807864,8079,https://www.tiktok.com/@shortdramatime
shortdramatime,ShortDramaTime,My Scumbag Dad Hooked Up with My Ex — in a Dress,40,320729,8018,https://www.tiktok.com/@shortdramatime
shortdramatime,ShortDramaTime,Broke Besties' Book Transmigration: Dethroning the Heroine,81,358012,4420,https://www.tiktok.com/@shortdramatime
shortdramatime,ShortDramaTime,"Attorney Quinn, Vivi Likes You",65,391772,6027,https://www.tiktok.com/@shortdramatime
shortdramatime,ShortDramaTime,The heart he left behind,80,335200,4190,https://www.tiktok.com/@shortdramatime
shortdramatime,ShortDramaTime,The End Of Mother,67,807275,12049,https://www.tiktok.com/@shortdramatime
shortdramatime,ShortDramaTime,"Oops, I Caught Feelings",75,769796,10264,https://www.tiktok.com/@shortdramatime
shortdramatime,ShortDramaTime,A Brave Mother's Redemption,71,574560,8092,https://www.tiktok.com/@shortdramatime
shortdramatime,ShortDramaTime,I Announced Our Divorce at My Husband’s Birthday Banquet,70,316584,4523,https://www.tiktok.com/@shortdramatime
shortdramatime,ShortDramaTime,My Dog Does My Job,40,366451,9161,https://www.tiktok.com/@shortdramatime
shortdramatime,ShortDramaTime,Provoking Rose,65,368153,5664,https://www.tiktok.com/@shortdramatime
shortdramatime,ShortDramaTime,Birth Trap on the Plane,39,2812476,72115,https://www.tiktok.com/@shortdramatime
shortdramatime,ShortDramaTime,Fragments of Memory,50,801516,16030,https://www.tiktok.com/@shortdramatime
shortdramatime,ShortDramaTime,When Clouds Clear Love's Moon Appears,73,329377,4512,https://www.tiktok.com/@shortdramatime
shortdramatime,ShortDramaTime,The Clairvoyant Bride of the Magnate,71,775098,10917,https://www.tiktok.com/@shortdramatime
shortdramatime,ShortDramaTime,Mistaken Flash Marriage,65,861796,13258,https://www.tiktok.com/@shortdramatime
shortdramatime,ShortDramaTime,Flash Marriage With My Savior,80,365816,4573,https://www.tiktok.com/@shortdramatime
shortdramatime,ShortDramaTime,The Lucky Sweet Wife in a Secret Marriage,65,822753,12658,https://www.tiktok.com/@shortdramatime
shortdramatime,ShortDramaTime,"The True Heiress Is Done Pretending, and Her Family Regrets It to the Core",83,1072246,12919,https://www.tiktok.com/@shortdramatime
shortdramatime,ShortDramaTime,Honeymoon After Marriage,72,333062,4626,https://www.tiktok.com/@shortdramatime
shortdramatime,ShortDramaTime,The One I Love Hurts Me The Most,66,771506,11689,https://www.tiktok.com/@shortdramatime
shortdramatime,ShortDramaTime,"When the daughter returned, her ex-husband couldn't climb high",73,495980,6794,https://www.tiktok.com/@shortdramatime
shortdramatime,ShortDramaTime,"Don't Mess With the Bride, She's the Real Boss",30,436896,14563,https://www.tiktok.com/@shortdramatime
shortdramatime,ShortDramaTime,You Belong With Me,59,1409716,23893,https://www.tiktok.com/@shortdramatime
shortdramatime,ShortDramaTime,Incurable,61,337794,5538,https://www.tiktok.com/@shortdramatime
shortdramatime,ShortDramaTime,Destined Contractual Love,80,833626,10420,https://www.tiktok.com/@shortdramatime
shortdramatime,ShortDramaTime,Code Blue Romance,27,2101298,77826,https://www.tiktok.com/@shortdramatime
shortdramatime,ShortDramaTime,One Night With the Alpha,73,21778123,298330,https://www.tiktok.com/@shortdramatime
shortdramatime,ShortDramaTime,Taming My Primal Protector,47,22113412,470498,https://www.tiktok.com/@shortdramatime
shortdramatime,ShortDramaTime,"18 Months to Live, 18 Dunks to Go",31,404372,13044,https://www.tiktok.com/@shortdramatime
shortdramatime,ShortDramaTime,He Goes Overboard,72,9383370,130325,https://www.tiktok.com/@shortdramatime
shortdramatime,ShortDramaTime,Devoted to You,78,6495695,83278,https://www.tiktok.com/@shortdramatime
shortdramatime,ShortDramaTime,"Back from the Dead, The Heiress Slays",52,8290746,159437,https://www.tiktok.com/@shortdramatime
shortdramatime,ShortDramaTime,New man New life,80,104109604,1301370,https://www.tiktok.com/@shortdramatime
shortdramatime,ShortDramaTime,Love in the Ashes of Hate,85,1519239,17873,https://www.tiktok.com/@shortdramatime
shortdramatime,ShortDramaTime,Perfect Timing of His Love,79,134607541,1703893,https://www.tiktok.com/@shortdramatime
shortdramatime,ShortDramaTime,"Betrayed at Birth: Goodbye, Toxic Husband",80,3106318,38829,https://www.tiktok.com/@shortdramatime
shortdramatime,ShortDramaTime,My Boss Turned Into a Frenchie,30,841090,28036,https://www.tiktok.com/@shortdramatime
shortdramatime,ShortDramaTime,Flash Romance,60,871509,14525,https://www.tiktok.com/@shortdramatime
shortdramatime,ShortDramaTime,Before We Knew,74,118019232,1594854,https://www.tiktok.com/@shortdramatime
shortdramatime,ShortDramaTime,Mutual Trust in Love,35,4561091,130317,https://www.tiktok.com/@shortdramatime
shortdramatime,ShortDramaTime,Settling My Sister's Scor,80,6718278,83978,https://www.tiktok.com/@shortdramatime
shortdramatime,ShortDramaTime,"Captain, They Beg Your Forgiveness",58,99172288,1709867,https://www.tiktok.com/@shortdramatime
shortdramatime,ShortDramaTime,My Lucky Mommy: Pampered by the CEO,80,18067306,225841,https://www.tiktok.com/@shortdramatime
shortdramatime,ShortDramaTime,Stealing Kisses From the Moon,73,4775129,65413,https://www.tiktok.com/@shortdramatime
shortdramatime,ShortDramaTime,Rebirth of the Fierce Wife with Special Abilities,70,12328716,176125,https://www.tiktok.com/@shortdramatime
shortdramatime,ShortDramaTime,Umbilical Gambit,77,115735601,1503060,https://www.tiktok.com/@shortdramatime
shortdramatime,ShortDramaTime,Now I'm Dating His Brother,69,5157999,74754,https://www.tiktok.com/@shortdramatime
shortdramatime,ShortDramaTime,The Bodyguard Deal,76,25563729,336365,https://www.tiktok.com/@shortdramatime
shortdramatime,ShortDramaTime,My Dear Family,67,22993354,343184,https://www.tiktok.com/@shortdramatime
shortdramatime,ShortDramaTime,Mr.Hargrove's Hidden Marriage,76,68241969,897921,https://www.tiktok.com/@shortdramatime
shortdramatime,ShortDramaTime,"I Got Married, and My Sister Too?",68,21064300,309769,https://www.tiktok.com/@shortdramatime
shortdramatime,ShortDramaTime,"My ""Foolish"" Husband Is A Billionaire",80,2528552,31607,https://www.tiktok.com/@shortdramatime
shortdramatime,ShortDramaTime,Reborn Heiress: Revenge Against My Fake Family,40,2901749,72544,https://www.tiktok.com/@shortdramatime
shortdramatime,ShortDramaTime,Reborn: My Best Friend Stole My Baby,40,5630355,140759,https://www.tiktok.com/@shortdramatime
shortdramatime,ShortDramaTime,He's Having Morning Sickness,78,836336,10722,https://www.tiktok.com/@shortdramatime
shortdramatime,ShortDramaTime,My Billionaire Farm Cowboy,19,5074782,267094,https://www.tiktok.com/@shortdramatime
shortdramatime,ShortDramaTime,Notes of a 7-Day Hunt,56,121881956,2176464,https://www.tiktok.com/@shortdramatime
fz8fjg1,The Long Silence_Trending_B,Trapped in Hell's Elevator,37,296770,8021,https://www.tiktok.com/@fz8fjg1
fz8fjg1,The Long Silence_Trending_B,Gorgon Blood: A Small Town Apocalypse,24,784934,32706,https://www.tiktok.com/@fz8fjg1
fz8fjg1,The Long Silence_Trending_B,The Secret of the Perfect Father in Law,34,272688,8020,https://www.tiktok.com/@fz8fjg1
fz8fjg1,The Long Silence_Trending_B,Chained by the Gods：The Pharaoh and the Beast,29,255547,8812,https://www.tiktok.com/@fz8fjg1
fz8fjg1,The Long Silence_Trending_B,I Turned My Lover Into Stone,30,352144,11738,https://www.tiktok.com/@fz8fjg1
fz8fjg1,The Long Silence_Trending_B,Blood Reckoning: The Vampire's Revenge,30,321104,10703,https://www.tiktok.com/@fz8fjg1
fz8fjg1,The Long Silence_Trending_B,The Half Zombie Girl,59,1878385,31837,https://www.tiktok.com/@fz8fjg1
fz8fjg1,The Long Silence_Trending_B,The Karma Countdown,21,355636,16935,https://www.tiktok.com/@fz8fjg1
fz8fjg1,The Long Silence_Trending_B,The Janitor Was a Legendary Surgeon,30,188460,6282,https://www.tiktok.com/@fz8fjg1
fz8fjg1,The Long Silence_Trending_B,The Half Zombie Girl,59,4609883,78134,https://www.tiktok.com/@fz8fjg1
fz8fjg1,The Long Silence_Trending_B,Can a mortal win the bone queen,31,211695,6829,https://www.tiktok.com/@fz8fjg1
fz8fjg1,The Long Silence_Trending_B,Streets of Blood_ The King's Retribution,29,808286,27872,https://www.tiktok.com/@fz8fjg1
fz8fjg1,The Long Silence_Trending_B,Tearing the Veil_ The Billionaire's Hidden Bride,30,431607,14387,https://www.tiktok.com/@fz8fjg1
fz8fjg1,The Long Silence_Trending_B,The Werid Residence Journal,28,416008,14857,https://www.tiktok.com/@fz8fjg1
fz8fjg1,The Long Silence_Trending_B,My Wife Is a Mafia Boss,30,267905,8930,https://www.tiktok.com/@fz8fjg1
fz8fjg1,The Long Silence_Trending_B,Seven Days in Blackstone,25,1240476,49619,https://www.tiktok.com/@fz8fjg1
fz8fjg1,The Long Silence_Trending_B,Patient Zero,36,582078,16169,https://www.tiktok.com/@fz8fjg1
fz8fjg1,The Long Silence_Trending_B,My Husband Came Back Wrong,25,323496,12940,https://www.tiktok.com/@fz8fjg1
fz8fjg1,The Long Silence_Trending_B,BLOODBALLOT,32,185642,5801,https://www.tiktok.com/@fz8fjg1
fz8fjg1,The Long Silence_Trending_B,Primal Rising,30,388428,12948,https://www.tiktok.com/@fz8fjg1
fz8fjg1,The Long Silence_Trending_B,Reborn to Steal the Apocalypse King,40,178481,4462,https://www.tiktok.com/@fz8fjg1
fz8fjg1,The Long Silence_Trending_B,The Aurora Gaze,28,164200,5864,https://www.tiktok.com/@fz8fjg1
fz8fjg1,The Long Silence_Trending_B,Awakened: The Vampire Queen's Revenge,30,175200,5840,https://www.tiktok.com/@fz8fjg1
fz8fjg1,The Long Silence_Trending_B,Fuga da era zumbi,49,795410,16233,https://www.tiktok.com/@fz8fjg1
sangaaxdiln,Premium Episode.Drama.J,The Official Obituary,31,316894,10222,https://www.tiktok.com/@sangaaxdiln
sangaaxdiln,Premium Episode.Drama.J,The Rabbit,30,176148,5872,https://www.tiktok.com/@sangaaxdiln
sangaaxdiln,Premium Episode.Drama.J,Ice Breaker,40,405477,10137,https://www.tiktok.com/@sangaaxdiln
sangaaxdiln,Premium Episode.Drama.J,Under the Floorboards,31,196964,6354,https://www.tiktok.com/@sangaaxdiln
sangaaxdiln,Premium Episode.Drama.J,Crash Island Stranded With Five Women,33,876564,26563,https://www.tiktok.com/@sangaaxdiln
sangaaxdiln,Premium Episode.Drama.J,Bound by Scent: The Don's Fake Bride,40,334908,8373,https://www.tiktok.com/@sangaaxdiln
sangaaxdiln,Premium Episode.Drama.J,Mother's Instinct: The 72-Hour Train,35,229088,6545,https://www.tiktok.com/@sangaaxdiln
sangaaxdiln,Premium Episode.Drama.J,The Lab Partner Protocol,32,148005,4625,https://www.tiktok.com/@sangaaxdiln
sangaaxdiln,Premium Episode.Drama.J,The Last Text,31,195424,6304,https://www.tiktok.com/@sangaaxdiln
sangaaxdiln,Premium Episode.Drama.J,"From the Abyss, Reborn",30,204444,6815,https://www.tiktok.com/@sangaaxdiln
sangaaxdiln,Premium Episode.Drama.J,I was just a passerby,30,178723,5957,https://www.tiktok.com/@sangaaxdiln
sangaaxdiln,Premium Episode.Drama.J,"Two Princes, One Crown, One Cinderella",34,231560,6811,https://www.tiktok.com/@sangaaxdiln
sangaaxdiln,Premium Episode.Drama.J,Bitten by Revenge,22,191199,8691,https://www.tiktok.com/@sangaaxdiln
sangaaxdiln,Premium Episode.Drama.J,Blood Ledger,30,153612,5120,https://www.tiktok.com/@sangaaxdiln
sangaaxdiln,Premium Episode.Drama.J,Reborn Cage King: A Father's Blood Redemption,38,382308,10061,https://www.tiktok.com/@sangaaxdiln
sangaaxdiln,Premium Episode.Drama.J,My Two Campus Princes Won't Leave Me Alone,32,319581,9987,https://www.tiktok.com/@sangaaxdiln
sangaaxdiln,Premium Episode.Drama.J,The Outcast Billionaire of Mumbai,44,194064,4411,https://www.tiktok.com/@sangaaxdiln
sangaaxdiln,Premium Episode.Drama.J,Beneath,31,320500,10339,https://www.tiktok.com/@sangaaxdiln
sangaaxdiln,Premium Episode.Drama.J,I Ate A Meteorite For Her,25,170208,6808,https://www.tiktok.com/@sangaaxdiln
sangaaxdiln,Premium Episode.Drama.J,"Pay My Harem, Own the City",30,353487,11783,https://www.tiktok.com/@sangaaxdiln
sangaaxdiln,Premium Episode.Drama.J,Messing with the Wrong Fishmonger,34,325716,9580,https://www.tiktok.com/@sangaaxdiln
sangaaxdiln,Premium Episode.Drama.J,Heaven’s Worst Intern,30,262968,8766,https://www.tiktok.com/@sangaaxdiln
sangaaxdiln,Premium Episode.Drama.J,"Cursed Bond, Royal Omega",35,339294,9694,https://www.tiktok.com/@sangaaxdiln
sangaaxdiln,Premium Episode.Drama.J,All In,30,164233,5474,https://www.tiktok.com/@sangaaxdiln
sangaaxdiln,Premium Episode.Drama.J,Don't Tell My Brother,39,533156,13671,https://www.tiktok.com/@sangaaxdiln
sangaaxdiln,Premium Episode.Drama.J,Trash Actor King,31,315789,10187,https://www.tiktok.com/@sangaaxdiln
sangaaxdiln,Premium Episode.Drama.J,No Mask for the Wicked,31,255228,8233,https://www.tiktok.com/@sangaaxdiln
sangaaxdiln,Premium Episode.Drama.J,暴食の血脈を持つ継承者,43,234514,5454,https://www.tiktok.com/@sangaaxdiln
sangaaxdiln,Premium Episode.Drama.J,Twin Alphas Forbidden Mate,40,320934,8023,https://www.tiktok.com/@sangaaxdiln
sangaaxdiln,Premium Episode.Drama.J,Alpha The Capital Game,30,231588,7720,https://www.tiktok.com/@sangaaxdiln
sangaaxdiln,Premium Episode.Drama.J,X-Ray Tycoon-Flipping a Billion-Dollar Empire,60,525076,8751,https://www.tiktok.com/@sangaaxdiln
sangaaxdiln,Premium Episode.Drama.J,My Fluffy Alpha Husband,37,371694,10046,https://www.tiktok.com/@sangaaxdiln
sangaaxdiln,Premium Episode.Drama.J,How to Tame a She-Wolf,35,921875,26339,https://www.tiktok.com/@sangaaxdiln
sangaaxdiln,Premium Episode.Drama.J,No Shelter for the Wicked,20,213945,10697,https://www.tiktok.com/@sangaaxdiln
sangaaxdiln,Premium Episode.Drama.J,Reborn on Station Omega,31,219558,7083,https://www.tiktok.com/@sangaaxdiln
sangaaxdiln,Premium Episode.Drama.J,A Clumsy Succubus Won’t Let Me Graduate,36,184290,5119,https://www.tiktok.com/@sangaaxdiln
sangaaxdiln,Premium Episode.Drama.J,The Crown Beneath the Maid Uniform,38,217440,5722,https://www.tiktok.com/@sangaaxdiln
sangaaxdiln,Premium Episode.Drama.J,You Don't Even Qualify,40,375622,9391,https://www.tiktok.com/@sangaaxdiln
sangaaxdiln,Premium Episode.Drama.J,The Driver Who Bought His Boss,21,145556,6931,https://www.tiktok.com/@sangaaxdiln
sangaaxdiln,Premium Episode.Drama.J,Book of the Dead: The Pharaoh's Guard,30,245158,8172,https://www.tiktok.com/@sangaaxdiln
sangaaxdiln,Premium Episode.Drama.J,His Couture,32,177615,5550,https://www.tiktok.com/@sangaaxdiln
sangaaxdiln,Premium Episode.Drama.J,Escape from Monster Island,38,317281,8350,https://www.tiktok.com/@sangaaxdiln
sangaaxdiln,Premium Episode.Drama.J,The Super Consumer,50,477924,9558,https://www.tiktok.com/@sangaaxdiln
sangaaxdiln,Premium Episode.Drama.J,Humanity Tax The Last Pulse,31,223952,7224,https://www.tiktok.com/@sangaaxdiln
sangaaxdiln,Premium Episode.Drama.J,"Little Spies, Big Daddy",39,332060,8514,https://www.tiktok.com/@sangaaxdiln
sangaaxdiln,Premium Episode.Drama.J,"Five Brothers, One Vow",37,319652,8639,https://www.tiktok.com/@sangaaxdiln
sangaaxdiln,Premium Episode.Drama.J,Tide of the Cursed I WANT TO MARRY,30,205045,6835,https://www.tiktok.com/@sangaaxdiln
sangaaxdiln,Premium Episode.Drama.J,Bullet Rain,31,177406,5723,https://www.tiktok.com/@sangaaxdiln
sangaaxdiln,Premium Episode.Drama.J,The Golden Ruin,50,353535,7071,https://www.tiktok.com/@sangaaxdiln
sangaaxdiln,Premium Episode.Drama.J,Algorithm Game,31,321576,10373,https://www.tiktok.com/@sangaaxdiln
sangaaxdiln,Premium Episode.Drama.J,Doomsday Nightmare,30,318184,10606,https://www.tiktok.com/@sangaaxdiln
sangaaxdiln,Premium Episode.Drama.J,The Architect Above Code,25,315213,12609,https://www.tiktok.com/@sangaaxdiln
sangaaxdiln,Premium Episode.Drama.J,Natural Disaster. Chosen Hero,22,430604,19573,https://www.tiktok.com/@sangaaxdiln
sangaaxdiln,Premium Episode.Drama.J,Attack on Rose,30,336728,11224,https://www.tiktok.com/@sangaaxdiln
sangaaxdiln,Premium Episode.Drama.J,The Dragon's Thorns,29,332865,11478,https://www.tiktok.com/@sangaaxdiln
sangaaxdiln,Premium Episode.Drama.J,The Producer's Revenge,20,3312214,165611,https://www.tiktok.com/@sangaaxdiln
sangaaxdiln,Premium Episode.Drama.J,KING,50,390780,7816,https://www.tiktok.com/@sangaaxdiln
sangaaxdiln,Premium Episode.Drama.J,Reborn: The Taste Empire,30,253967,8466,https://www.tiktok.com/@sangaaxdiln
sangaaxdiln,Premium Episode.Drama.J,Bloodline Fury: The Underdog's Beast Roar,29,796572,27468,https://www.tiktok.com/@sangaaxdiln
sangaaxdiln,Premium Episode.Drama.J,The Mafia Princess Rules Wall Street,35,315580,9017,https://www.tiktok.com/@sangaaxdiln
sangaaxdiln,Premium Episode.Drama.J,Detective Vet_ Hear Me Meow,20,769361,38468,https://www.tiktok.com/@sangaaxdiln
sangaaxdiln,Premium Episode.Drama.J,A Golden Cage,29,318920,10997,https://www.tiktok.com/@sangaaxdiln
sangaaxdiln,Premium Episode.Drama.J,The Janitor Was a Legendary Surgeon,30,237706,7924,https://www.tiktok.com/@sangaaxdiln
sangaaxdiln,Premium Episode.Drama.J,Reborn: Making Billions in the World Cup,54,491620,9104,https://www.tiktok.com/@sangaaxdiln
sangaaxdiln,Premium Episode.Drama.J,Deadly Island Live: Fatal Ratings,30,332548,11085,https://www.tiktok.com/@sangaaxdiln
sangaaxdiln,Premium Episode.Drama.J,The Last Virgin on Earth,18,2111075,117282,https://www.tiktok.com/@sangaaxdiln
sangaaxdiln,Premium Episode.Drama.J,System Striker: From Bench to Glory,31,361112,11649,https://www.tiktok.com/@sangaaxdiln
sangaaxdiln,Premium Episode.Drama.J,The Witness,35,318030,9087,https://www.tiktok.com/@sangaaxdiln
sangaaxdiln,Premium Episode.Drama.J,The Silent Predator,30,366146,12205,https://www.tiktok.com/@sangaaxdiln
sangaaxdiln,Premium Episode.Drama.J,STONE RAIN 12 Hours to Die,33,344112,10428,https://www.tiktok.com/@sangaaxdiln
sangaaxdiln,Premium Episode.Drama.J,The Parking Boy Who Holds All the Keys,20,351620,17581,https://www.tiktok.com/@sangaaxdiln
sangaaxdiln,Premium Episode.Drama.J,The Surgeon They Called a Fraud,30,778600,25953,https://www.tiktok.com/@sangaaxdiln
sangaaxdiln,Premium Episode.Drama.J,Delivery System Game,32,318018,9938,https://www.tiktok.com/@sangaaxdiln
sangaaxdiln,Premium Episode.Drama.J,Primal Rising,30,315192,10506,https://www.tiktok.com/@sangaaxdiln
sangaaxdiln,Premium Episode.Drama.J,Eternal Undead Whisper: My Undead Lover,30,348446,11615,https://www.tiktok.com/@sangaaxdiln
sangaaxdiln,Premium Episode.Drama.J,My Vampire Roommate Is a Royal Pain,35,377724,10792,https://www.tiktok.com/@sangaaxdiln
sangaaxdiln,Premium Episode.Drama.J,The Loyal Hound: Path of Blood,30,315207,10507,https://www.tiktok.com/@sangaaxdiln
sangaaxdiln,Premium Episode.Drama.J,The Soldier Who Lost Everything,20,167257,8363,https://www.tiktok.com/@sangaaxdiln
sangaaxdiln,Premium Episode.Drama.J,My Girlfriend Chose the Rich Guy,30,186822,6227,https://www.tiktok.com/@sangaaxdiln
sangaaxdiln,Premium Episode.Drama.J,The Aurora Gaze,27,815546,30205,https://www.tiktok.com/@sangaaxdiln
sangaaxdiln,Premium Episode.Drama.J,From Siberian Husky to Terror Demon God,40,1682905,42073,https://www.tiktok.com/@sangaaxdiln
sangaaxdiln,Premium Episode.Drama.J,Code Black: Lockdown,21,152496,7262,https://www.tiktok.com/@sangaaxdiln
sangaaxdiln,Premium Episode.Drama.J,Tsunami Abyss,22,815548,37070,https://www.tiktok.com/@sangaaxdiln
sangaaxdiln,Premium Episode.Drama.J,The Nero Conspiracy,30,318172,10606,https://www.tiktok.com/@sangaaxdiln
sangaaxdiln,Premium Episode.Drama.J,The Janitor Who Broke the Table,22,197321,8969,https://www.tiktok.com/@sangaaxdiln
sangaaxdiln,Premium Episode.Drama.J,I Died Three Times for the Mad God,39,316759,8122,https://www.tiktok.com/@sangaaxdiln
sangaaxdiln,Premium Episode.Drama.J,"Rebelling with My Dad, Emperor Qin",40,328058,8201,https://www.tiktok.com/@sangaaxdiln
sangaaxdiln,Premium Episode.Drama.J,The Last Sunrise in Pompeii,30,352740,11758,https://www.tiktok.com/@sangaaxdiln
sangaaxdiln,Premium Episode.Drama.J,"The $3,000 Mechanic: Revving My Way to the Top",60,804470,13408,https://www.tiktok.com/@sangaaxdiln
sangaaxdiln,Premium Episode.Drama.J,BORN TO REIGN,40,418840,10471,https://www.tiktok.com/@sangaaxdiln
sangaaxdiln,Premium Episode.Drama.J,The Frost-Bite Protokol,30,328008,10934,https://www.tiktok.com/@sangaaxdiln
sangaaxdiln,Premium Episode.Drama.J,The Secret of the Perfect Father in Law,30,183940,6131,https://www.tiktok.com/@sangaaxdiln
sangaaxdiln,Premium Episode.Drama.J,Born again to Burn,28,178256,6366,https://www.tiktok.com/@sangaaxdiln
sangaaxdiln,Premium Episode.Drama.J,Tailgate Obsession Racing the Enemy,56,428112,7645,https://www.tiktok.com/@sangaaxdiln
sangaaxdiln,Premium Episode.Drama.J,The Beggar Girl Is My Billionaire Boss,30,190540,6351,https://www.tiktok.com/@sangaaxdiln
sangaaxdiln,Premium Episode.Drama.J,Devil's Ledger,24,890234,37093,https://www.tiktok.com/@sangaaxdiln
sangaaxdiln,Premium Episode.Drama.J,My Vampire Progenitor Is Ruining My Vegan,35,316592,9045,https://www.tiktok.com/@sangaaxdiln
sangaaxdiln,Premium Episode.Drama.J,The Untouchable Billionaire Bow to Your New God,33,395743,11992,https://www.tiktok.com/@sangaaxdiln
sangaaxdiln,Premium Episode.Drama.J,Accent King,31,319652,10311,https://www.tiktok.com/@sangaaxdiln
sangaaxdiln,Premium Episode.Drama.J,The Last Bid,20,517482,25874,https://www.tiktok.com/@sangaaxdiln
sangaaxdiln,Premium Episode.Drama.J,The Honest Guy,25,483912,19356,https://www.tiktok.com/@sangaaxdiln
sangaaxdiln,Premium Episode.Drama.J,Die. Rewind. Repeat,22,357609,16255,https://www.tiktok.com/@sangaaxdiln
sangaaxdiln,Premium Episode.Drama.J,Muscle & Miniguns: The Wild West Meathead,20,809776,40489,https://www.tiktok.com/@sangaaxdiln
sangaaxdiln,Premium Episode.Drama.J,The Sugar Daddy Pan,22,569360,25880,https://www.tiktok.com/@sangaaxdiln
sangaaxdiln,Premium Episode.Drama.J,Reborn Before the Oil War,24,2454532,102272,https://www.tiktok.com/@sangaaxdiln
sangaaxdiln,Premium Episode.Drama.J,Dirty Rich,24,809846,33744,https://www.tiktok.com/@sangaaxdiln
sangaaxdiln,Premium Episode.Drama.J,Northgate Penitentiary,21,848431,40401,https://www.tiktok.com/@sangaaxdiln
sangaaxdiln,Premium Episode.Drama.J,Accept All Cookies,25,1081240,43250,https://www.tiktok.com/@sangaaxdiln
sangaaxdiln,Premium Episode.Drama.J,The Mid-Life Boys_ Saving the Mortgage,24,337996,14083,https://www.tiktok.com/@sangaaxdiln
sangaaxdiln,Premium Episode.Drama.J,Do No Harm,25,342964,13719,https://www.tiktok.com/@sangaaxdiln
sangaaxdiln,Premium Episode.Drama.J,Evil Burger King,26,332832,12801,https://www.tiktok.com/@sangaaxdiln
drama.pro28,The Lore Master,My House is a Mimic,31,359760,11605,https://www.tiktok.com/@drama.pro28
drama.pro28,The Lore Master,My Farm Grows Mutant Dragons,30,778175,25939,https://www.tiktok.com/@drama.pro28
drama.pro28,The Lore Master,Executions of the Lone Overlord,10,1582949,158295,https://www.tiktok.com/@drama.pro28
drama.pro28,The Lore Master,I Woke Up in the Wrong Mythology,20,3048082,152404,https://www.tiktok.com/@drama.pro28
drama.pro28,The Lore Master,DoomsdayMy InfiniteLuxuryBunker,30,3711925,123731,https://www.tiktok.com/@drama.pro28
drama.pro28,The Lore Master,The Archmage's Rebirth,10,479800,47980,https://www.tiktok.com/@drama.pro28
drama.pro28,The Lore Master,Revenge of the Pregnant Seahorse,50,388344594,7766892,https://www.tiktok.com/@drama.pro28
drama.pro28,The Lore Master,The Zombie Queen Fell in Love With a Living Man,20,768267,38413,https://www.tiktok.com/@drama.pro28
drama.pro28,The Lore Master,Breath of Ghost Orchid,30,765884,25529,https://www.tiktok.com/@drama.pro28
drama.pro28,The Lore Master,The Exiles Covenant,30,10473251,349108,https://www.tiktok.com/@drama.pro28
drama.pro28,The Lore Master,Healer of the Devil,28,4092248,146152,https://www.tiktok.com/@drama.pro28
drama.pro28,The Lore Master,My World Betrays Me,49,4705505,96031,https://www.tiktok.com/@drama.pro28
drama.pro28,The Lore Master,Elemental Infinite Reaping,25,7743583,309743,https://www.tiktok.com/@drama.pro28
drama.pro28,The Lore Master,God Mode Striker,50,811276,16226,https://www.tiktok.com/@drama.pro28
drama.pro28,The Lore Master,Valkyrie's Vengeance: Blood Moon Rising,30,75192314,2506410,https://www.tiktok.com/@drama.pro28
drama.pro28,The Lore Master,Kiss.exe Has Been Activated,20,518604,25930,https://www.tiktok.com/@drama.pro28
drama.pro28,The Lore Master,Mythic Tamer: Rise of the Trash Summon,25,446853,17874,https://www.tiktok.com/@drama.pro28
drama.pro28,The Lore Master,"They Buried the Beast, But He Dug His Way Out",22,4340619,197301,https://www.tiktok.com/@drama.pro28
drama.pro28,The Lore Master,"Reborn in Wonderland, I Woke Up With Powers",30,3690052,123002,https://www.tiktok.com/@drama.pro28
drama.pro28,The Lore Master,OLYMPUS ZERO: The Gods Are Already Dead,20,841316,42066,https://www.tiktok.com/@drama.pro28
drama.pro28,The Lore Master,The Vine Mother,31,9463256,305266,https://www.tiktok.com/@drama.pro28
drama.pro28,The Lore Master,Substitute Star,51,870303,17065,https://www.tiktok.com/@drama.pro28
drama.pro28,The Lore Master,The Falling Star's Ultimatum,30,3846456,128215,https://www.tiktok.com/@drama.pro28
drama.pro28,The Lore Master,The Princess’s Dog Is a Man,30,769414,25647,https://www.tiktok.com/@drama.pro28
drama.pro28,The Lore Master,A Knight's Forbidden Heart,30,784632,26154,https://www.tiktok.com/@drama.pro28
drama.pro28,The Lore Master,Married to My Ex's Ruthless Uncle,30,350746,11692,https://www.tiktok.com/@drama.pro28
drama.pro28,The Lore Master,Cupid’s Broken Arrow,31,509484,16435,https://www.tiktok.com/@drama.pro28
drama.pro28,The Lore Master,I Wake Up With a New Superpower Daily,20,340350,17018,https://www.tiktok.com/@drama.pro28
drama.pro28,The Lore Master,Midnight Anchor,40,265632,6641,https://www.tiktok.com/@drama.pro28
drama.pro28,The Lore Master,Trapping the Sin-Maid,29,8248742,284439,https://www.tiktok.com/@drama.pro28
drama.pro28,The Lore Master,The Cinder Throne,44,12475081,283525,https://www.tiktok.com/@drama.pro28
drama.pro28,The Lore Master,The Shadow Lord's Substitute Bride,30,853372,28446,https://www.tiktok.com/@drama.pro28
drama.pro28,The Lore Master,Styx Whiskers: Cats Who Sail the River of Souls,20,799705,39985,https://www.tiktok.com/@drama.pro28
drama.pro28,The Lore Master,She Rules the Ruins,50,362227,7245,https://www.tiktok.com/@drama.pro28
drama.pro28,The Lore Master,Unchained Tides: The Siren They Couldn't Break,26,23329268,897280,https://www.tiktok.com/@drama.pro28
drama.pro28,The Lore Master,Bound by the Scar,40,850857,21271,https://www.tiktok.com/@drama.pro28
drama.pro28,The Lore Master,Ghost Orchid: The Elf King's Obsession,51,805805,15800,https://www.tiktok.com/@drama.pro28
drama.pro28,The Lore Master,Against the Tide,30,497796,16593,https://www.tiktok.com/@drama.pro28
drama.pro28,The Lore Master,Nine Lives Nine Black Belts,20,421988,21099,https://www.tiktok.com/@drama.pro28
drama.pro28,The Lore Master,Betrayed by the Stars,30,523623,17454,https://www.tiktok.com/@drama.pro28
drama.pro28,The Lore Master,Prometheus The Fire Thief in Silicon Valley,31,438256,14137,https://www.tiktok.com/@drama.pro28
drama.pro28,The Lore Master,The Gilded Spire,29,14821675,511092,https://www.tiktok.com/@drama.pro28
drama.pro28,The Lore Master,She Burns Brighter Than Dragonfire,19,43707118,2300375,https://www.tiktok.com/@drama.pro28
drama.pro28,The Lore Master,The Wolf Throne,50,3061920,61238,https://www.tiktok.com/@drama.pro28
drama.pro28,The Lore Master,Thorns Under the Moon,31,792767,25573,https://www.tiktok.com/@drama.pro28
drama.pro28,The Lore Master,"Hobo Swallows Iron, NYC Kneels",24,822610,34275,https://www.tiktok.com/@drama.pro28
drama.pro28,The Lore Master,The Botanist Who Seduced The Plant King,20,5734813,286741,https://www.tiktok.com/@drama.pro28
drama.pro28,The Lore Master,Portal Hunter,60,778087,12968,https://www.tiktok.com/@drama.pro28
drama.pro28,The Lore Master,Reborn from the Ashes,30,329732,10991,https://www.tiktok.com/@drama.pro28
drama.pro28,The Lore Master,Kissed by Death,31,775107,25003,https://www.tiktok.com/@drama.pro28
drama.pro28,The Lore Master,The Holy War,10,111675588,11167559,https://www.tiktok.com/@drama.pro28
drama.pro28,The Lore Master,The Princess’ Secret Guard,18,289171899,16065106,https://www.tiktok.com/@drama.pro28
drama.pro28,The Lore Master,Medusa’s Mission,5,5370489,1074098,https://www.tiktok.com/@drama.pro28
drama.pro28,The Lore Master,Waking up in 3000 A.D,5,3122604,624521,https://www.tiktok.com/@drama.pro28
drama.pro28,The Lore Master,Beast King's Forbidden Love,21,54590873,2599565,https://www.tiktok.com/@drama.pro28
drama.pro28,The Lore Master,Snail Girl,5,38351923,7670385,https://www.tiktok.com/@drama.pro28
drama.pro28,The Lore Master,The Medusa Writer's Revenge,10,5255218,525522,https://www.tiktok.com/@drama.pro28
drama.pro28,The Lore Master,Blood and Crown,5,9957624,1991525,https://www.tiktok.com/@drama.pro28
drama.pro28,The Lore Master,Bound to The Forbidden,5,860098,172020,https://www.tiktok.com/@drama.pro28
drama.pro28,The Lore Master,The Dragon Slayer Abandoned magic,6,14189579,2364930,https://www.tiktok.com/@drama.pro28
drama.pro28,The Lore Master,Mermaid In A Manhole,5,115746894,23149379,https://www.tiktok.com/@drama.pro28
drama.pro28,The Lore Master,The Mind Reading Knight,5,1659623,331925,https://www.tiktok.com/@drama.pro28
drama.pro28,The Lore Master,"Dated by the Knight, Hunted by the Gods",29,11314018,390139,https://www.tiktok.com/@drama.pro28
drama.pro28,The Lore Master,My boyfriend is a fish,4,61444583,15361146,https://www.tiktok.com/@drama.pro28
drama.pro28,The Lore Master,The Prince's Serpent Bride,26,43531761,1674298,https://www.tiktok.com/@drama.pro28
drama.pro28,The Lore Master,Dark Edge,5,922074,184415,https://www.tiktok.com/@drama.pro28
drama.pro28,The Lore Master,QUEEN MEDUSA,20,60921628,3046081,https://www.tiktok.com/@drama.pro28
duniadrama43,DuniaDrama,Thorned Kiss Idols Revenge Darling,60,346168,5769,https://www.tiktok.com/@duniadrama43
duniadrama43,DuniaDrama,Forced Wed to a Wealthy Magnate,62,343551,5541,https://www.tiktok.com/@duniadrama43
duniadrama43,DuniaDrama,Awakening the Day of Reckoning,35,811554,23187,https://www.tiktok.com/@duniadrama43
duniadrama43,DuniaDrama,Silent Stake: Hidden Truth,40,198756,4969,https://www.tiktok.com/@duniadrama43
duniadrama43,DuniaDrama,Shadow Heiress: Hidden Truth,40,315642,7891,https://www.tiktok.com/@duniadrama43
duniadrama43,DuniaDrama,The Elite Marriage,35,853608,24389,https://www.tiktok.com/@duniadrama43
duniadrama43,DuniaDrama,Magic Supreme,39,319830,8201,https://www.tiktok.com/@duniadrama43
duniadrama43,DuniaDrama,Ten Wrong Heir,25,777030,31081,https://www.tiktok.com/@duniadrama43
duniadrama43,DuniaDrama,The Heiress Behind His Empire,40,323532,8088,https://www.tiktok.com/@duniadrama43
duniadrama43,DuniaDrama,Duke's Captive,23,208064,9046,https://www.tiktok.com/@duniadrama43
duniadrama43,DuniaDrama,Soft Cage: She Closed the Door,40,315624,7891,https://www.tiktok.com/@duniadrama43
duniadrama43,DuniaDrama,My Contracted Billionaire,62,331516,5347,https://www.tiktok.com/@duniadrama43
duniadrama43,DuniaDrama,Hidden Heiress & Secret Vow,60,346688,5778,https://www.tiktok.com/@duniadrama43
duniadrama43,DuniaDrama,Istri kontrak sang taipan,58,827605,14269,https://www.tiktok.com/@duniadrama43
duniadrama43,DuniaDrama,My Grandpa's girlfriend Is a Dinosaur,40,406646,10166,https://www.tiktok.com/@duniadrama43
duniadrama43,DuniaDrama,"Harbour Secrets, Crown Cracks",40,174582,4365,https://www.tiktok.com/@duniadrama43
duniadrama43,DuniaDrama,Love Bites,60,2025478,33758,https://www.tiktok.com/@duniadrama43
duniadrama43,DuniaDrama,Stars Secret Keeper,62,339404,5474,https://www.tiktok.com/@duniadrama43
duniadrama43,DuniaDrama,Unsilenced：Soul Slaughters,39,333932,8562,https://www.tiktok.com/@duniadrama43
duniadrama43,DuniaDrama,The Pretense Game,48,321356,6695,https://www.tiktok.com/@duniadrama43
duniadrama43,DuniaDrama,Throne Beneath Power and Lies,40,279310,6983,https://www.tiktok.com/@duniadrama43
duniadrama43,DuniaDrama,Experiment Brother,25,238675,9547,https://www.tiktok.com/@duniadrama43
duniadrama43,DuniaDrama,MEMORY ANTIBODY,40,176520,4413,https://www.tiktok.com/@duniadrama43
duniadrama43,DuniaDrama,Black Gold Rose: The Heir’s Forbidden Song,40,189108,4728,https://www.tiktok.com/@duniadrama43
duniadrama43,DuniaDrama,Zombie Siege: The Last Immune,45,326301,7251,https://www.tiktok.com/@duniadrama43
duniadrama43,DuniaDrama,Cold CEO: Sweet Fake Love,40,315349,7884,https://www.tiktok.com/@duniadrama43
duniadrama43,DuniaDrama,Era Reset: Olympus Rises,40,243020,6076,https://www.tiktok.com/@duniadrama43
duniadrama43,DuniaDrama,Love Beyond Deal,59,903724,15317,https://www.tiktok.com/@duniadrama43
duniadrama43,DuniaDrama,Campus Magic,40,319629,7991,https://www.tiktok.com/@duniadrama43
duniadrama43,DuniaDrama,My 27-Year-old chaste CEO,28,794884,28389,https://www.tiktok.com/@duniadrama43
duniadrama43,DuniaDrama,Midnight Elopement Ex Begs Return,40,315930,7898,https://www.tiktok.com/@duniadrama43
lovebiteshorts,LoveBite Shorts,Cold CEO: Sweet Fake Love,40,134528,3363,https://www.tiktok.com/@lovebiteshorts
lovebiteshorts,LoveBite Shorts,Pretended Frailty: Whole Heart,40,64658,1616,https://www.tiktok.com/@lovebiteshorts
lovebiteshorts,LoveBite Shorts,Throne Beneath Power and Lies,40,72656,1816,https://www.tiktok.com/@lovebiteshorts
lovebiteshorts,LoveBite Shorts,Hidden Wolf Heiress’s Edge,40,324710,8118,https://www.tiktok.com/@lovebiteshorts
lovebiteshorts,LoveBite Shorts,High Domain’s Fall,60,240810,4014,https://www.tiktok.com/@lovebiteshorts
lovebiteshorts,LoveBite Shorts,Starlight to Old Years,40,59954,1499,https://www.tiktok.com/@lovebiteshorts
lovebiteshorts,LoveBite Shorts,Kissed You at the End of the Night,60,912098,15202,https://www.tiktok.com/@lovebiteshorts
lovebiteshorts,LoveBite Shorts,Betrayed Heiress: Dark Revenge,40,80296,2007,https://www.tiktok.com/@lovebiteshorts
lovebiteshorts,LoveBite Shorts,kiss or kill,39,783210,20082,https://www.tiktok.com/@lovebiteshorts
lovebiteshorts,LoveBite Shorts,The Substitute Bride,20,1416860,70843,https://www.tiktok.com/@lovebiteshorts
lovebiteshorts,LoveBite Shorts,Billionaire’s Pretense: Real Love,40,96032,2401,https://www.tiktok.com/@lovebiteshorts
lovebiteshorts,LoveBite Shorts,Midnight Bond of Two Hearts,62,121711,1963,https://www.tiktok.com/@lovebiteshorts
lovebiteshorts,LoveBite Shorts,Experiment Brother,25,815842,32634,https://www.tiktok.com/@lovebiteshorts
lovebiteshorts,LoveBite Shorts,Love Beyond Deal,59,796845,13506,https://www.tiktok.com/@lovebiteshorts
lovebiteshorts,LoveBite Shorts,Black Crown: Heir’s Deception,40,113161,2829,https://www.tiktok.com/@lovebiteshorts
lovebiteshorts,LoveBite Shorts,Black Gold Rose: The Heir’s Forbidden Song,40,335030,8376,https://www.tiktok.com/@lovebiteshorts
lovebiteshorts,LoveBite Shorts,Cold Legacy Deadly Pact,40,46000,1150,https://www.tiktok.com/@lovebiteshorts
lovebiteshorts,LoveBite Shorts,Gilded Bond: True Love,40,253438,6336,https://www.tiktok.com/@lovebiteshorts
lovebiteshorts,LoveBite Shorts,Shadow Heiress: Hidden Truth,40,74335,1858,https://www.tiktok.com/@lovebiteshorts
lovebiteshorts,LoveBite Shorts,Noble Fall Forbidden Warmth,60,90288,1505,https://www.tiktok.com/@lovebiteshorts
lovebiteshorts,LoveBite Shorts,Throne of Wolves: Fate Binds,40,184920,4623,https://www.tiktok.com/@lovebiteshorts
lovebiteshorts,LoveBite Shorts,Stars Secret Keeper,62,315616,5091,https://www.tiktok.com/@lovebiteshorts
lovebiteshorts,LoveBite Shorts,Hidden Bodyguard Royal Gambit,40,62712,1568,https://www.tiktok.com/@lovebiteshorts
lovebiteshorts,LoveBite Shorts,Thorned Kiss Idols Revenge Darling,60,178347,2972,https://www.tiktok.com/@lovebiteshorts
lovebiteshorts,LoveBite Shorts,Soft Cage: She Closed the Door,40,126750,3169,https://www.tiktok.com/@lovebiteshorts
lovebiteshorts,LoveBite Shorts,My 27-Year-old chaste CEO,29,323540,11157,https://www.tiktok.com/@lovebiteshorts
lovebiteshorts,LoveBite Shorts,Hidden Heiress & Secret Vow,60,366579,6110,https://www.tiktok.com/@lovebiteshorts
lovebiteshorts,LoveBite Shorts,Glass Estate Palpitation of Love,60,141000,2350,https://www.tiktok.com/@lovebiteshorts
lovebiteshorts,LoveBite Shorts,Gilded Gambit House of Plots,40,95408,2385,https://www.tiktok.com/@lovebiteshorts
lovebiteshorts,LoveBite Shorts,Silent Turmoil Eternal Bond,59,95712,1622,https://www.tiktok.com/@lovebiteshorts
lovebiteshorts,LoveBite Shorts,My Contracted Billionaire,62,318012,5129,https://www.tiktok.com/@lovebiteshorts
lovebiteshorts,LoveBite Shorts,Moonlit Wolf’s Fated Love,40,43872,1097,https://www.tiktok.com/@lovebiteshorts
lovebiteshorts,LoveBite Shorts,Forced Wed to a Wealthy Magnate,62,355608,5736,https://www.tiktok.com/@lovebiteshorts
lovebiteshorts,LoveBite Shorts,MEMORY ANTIBODY,40,107550,2689,https://www.tiktok.com/@lovebiteshorts
lovebiteshorts,LoveBite Shorts,Throne of Nobles: The Prodigal’s Power,40,233906,5848,https://www.tiktok.com/@lovebiteshorts
lovebiteshorts,LoveBite Shorts,Awakening the Day of Reckoning,35,355222,10149,https://www.tiktok.com/@lovebiteshorts
lovebiteshorts,LoveBite Shorts,Urban Passion: Pure Love,40,102411,2560,https://www.tiktok.com/@lovebiteshorts
lovebiteshorts,LoveBite Shorts,Capital Empire True Rivals,40,263229,6581,https://www.tiktok.com/@lovebiteshorts
lovebiteshorts,LoveBite Shorts,Rose Reborn Golden Vengeance,39,67058,1719,https://www.tiktok.com/@lovebiteshorts
lovebiteshorts,LoveBite Shorts,Midnight Elopement Ex Begs Return,40,172918,4323,https://www.tiktok.com/@lovebiteshorts
lovebiteshorts,LoveBite Shorts,Rose Manor: Hidden Legacy,40,72580,1814,https://www.tiktok.com/@lovebiteshorts
lovebiteshorts,LoveBite Shorts,Duke's Captive,23,1086046,47219,https://www.tiktok.com/@lovebiteshorts
lovebiteshorts,LoveBite Shorts,Silent Stake: Hidden Truth,40,129312,3233,https://www.tiktok.com/@lovebiteshorts
lovebiteshorts,LoveBite Shorts,"Harbour Secrets, Crown Cracks",40,131060,3276,https://www.tiktok.com/@lovebiteshorts
lovebiteshorts,LoveBite Shorts,Wealth Cage: Fatal Lie,40,127149,3179,https://www.tiktok.com/@lovebiteshorts
lovebiteshorts,LoveBite Shorts,The Night I Bought Him,40,102315,2558,https://www.tiktok.com/@lovebiteshorts
lovebiteshorts,LoveBite Shorts,The Elite Marriage,35,2902384,82925,https://www.tiktok.com/@lovebiteshorts
dramavault40,物語の空,Magic Supreme,39,321198,8236,https://www.tiktok.com/@dramavault40
dramavault40,物語の空,Ten Wrong Heir,25,323919,12957,https://www.tiktok.com/@dramavault40
dramavault40,物語の空,Awakening the Day of Reckoning,35,830010,23715,https://www.tiktok.com/@dramavault40
dramavault40,物語の空,Midnight Elopement Ex Begs Return,40,320619,8015,https://www.tiktok.com/@dramavault40
dramavault40,物語の空,Soft Cage: She Closed the Door,40,318548,7964,https://www.tiktok.com/@dramavault40
dramavault40,物語の空,Campus Magic,40,328934,8223,https://www.tiktok.com/@dramavault40
dramavault40,物語の空,Black Gold Rose: The Heir’s Forbidden Song,40,319326,7983,https://www.tiktok.com/@dramavault40
dramavault40,物語の空,Unsilenced：Soul Slaughters,39,362664,9299,https://www.tiktok.com/@dramavault40
dramavault40,物語の空,MEMORY ANTIBODY,40,316732,7918,https://www.tiktok.com/@dramavault40
dramavault40,物語の空,The Pretense Game,48,409504,8531,https://www.tiktok.com/@dramavault40
dramavault40,物語の空,The Heiress Behind His Empire,40,275598,6890,https://www.tiktok.com/@dramavault40
dramavault40,物語の空,Silent Stake: Hidden Truth,40,320492,8012,https://www.tiktok.com/@dramavault40
dramavault40,物語の空,Era Reset: Olympus Rises,40,329157,8229,https://www.tiktok.com/@dramavault40
dramavault40,物語の空,Thorned Kiss Idols Revenge Darling,60,356654,5944,https://www.tiktok.com/@dramavault40
dramavault40,物語の空,Shadow Heiress: Hidden Truth,40,321822,8046,https://www.tiktok.com/@dramavault40
dramavault40,物語の空,The Elite Marriage,35,244665,6990,https://www.tiktok.com/@dramavault40
dramavault40,物語の空,Cold CEO: Sweet Fake Love,40,318590,7965,https://www.tiktok.com/@dramavault40
dramavault40,物語の空,Forced Wed to a Wealthy Magnate,62,332248,5359,https://www.tiktok.com/@dramavault40
dramavault40,物語の空,Experiment Brother,25,329552,13182,https://www.tiktok.com/@dramavault40
dramavault40,物語の空,Zombie Siege: The Last Immune,45,319713,7105,https://www.tiktok.com/@dramavault40
dramavault40,物語の空,"Harbour Secrets, Crown Cracks",40,244375,6109,https://www.tiktok.com/@dramavault40
dramavault40,物語の空,Love Bites,60,807799,13463,https://www.tiktok.com/@dramavault40
dramavault40,物語の空,Kissed You at the End of the Night,60,418096,6968,https://www.tiktok.com/@dramavault40
dramavault40,物語の空,My 27-Year-old chaste CEO,28,825336,29476,https://www.tiktok.com/@dramavault40
dramavault40,物語の空,My Contracted Billionaire,62,335934,5418,https://www.tiktok.com/@dramavault40
dramavault40,物語の空,Duke's Captive,23,324732,14119,https://www.tiktok.com/@dramavault40
dramavault40,物語の空,Love Beyond Deal,59,421244,7140,https://www.tiktok.com/@dramavault40
dramavault40,物語の空,Hidden Heiress & Secret Vow,60,347618,5794,https://www.tiktok.com/@dramavault40
dramavault40,物語の空,Stars Secret Keeper,62,373854,6030,https://www.tiktok.com/@dramavault40
dramavault40,物語の空,Throne Beneath Power and Lies,40,326968,8174,https://www.tiktok.com/@dramavault40
dramavault40,物語の空,My Grandpa's girlfriend Is a Dinosaur,40,371124,9278,https://www.tiktok.com/@dramavault40
dramavault40,物語の空,Reclaim My Life,33,4218907,127846,https://www.tiktok.com/@dramavault40
